weights_str,w0,w1,w2,reg_ip,mae_ERA,mae_WHIP
3/4/1,3,4,1,800,0.66833,0.12728
4/5/2,4,5,2,800,0.66859,0.12696
3/4/1,3,4,1,600,0.66906,0.12705
3/4/2,3,4,2,800,0.67024,0.12727
3/3/2,3,3,2,600,0.67054,0.12721
3/4/2,3,4,2,600,0.67057,0.12705
3/3/2,3,3,2,800,0.67079,0.12752
4/4/3,4,4,3,800,0.6714,0.12729
5/5/3,5,5,3,800,0.67149,0.12717
4/5/2,4,5,2,600,0.6715,0.12713
4/5/3,4,5,3,800,0.67153,0.12716
3/3/1,3,3,1,600,0.67179,0.12819
4/4/1,4,4,1,800,0.67182,0.12829
4/4/2,4,4,2,800,0.67187,0.12813
3/3/1,3,3,1,800,0.67232,0.12855
3/4/3,3,4,3,800,0.67256,0.12707
5/5/2,5,5,2,800,0.67312,0.12814
4/3/1,4,3,1,800,0.67337,0.12864
4/4/3,4,4,3,600,0.67352,0.12742
3/5/2,3,5,2,800,0.67364,0.12747
3/4/1,3,4,1,400,0.67378,0.12751
5/5/1,5,5,1,800,0.67391,0.12844
4/4/2,4,4,2,600,0.67412,0.12817
5/4/1,5,4,1,800,0.67416,0.12858
3/4/3,3,4,3,600,0.67427,0.12701
4/5/3,4,5,3,600,0.67428,0.12729
3/3/2,3,3,2,400,0.67431,0.12746
5/4/2,5,4,2,800,0.67432,0.12838
4/4/1,4,4,1,600,0.67433,0.12841
4/5/4,4,5,4,800,0.67464,0.12708
4/3/3,4,3,3,800,0.67473,0.12739
4/5/1,4,5,1,800,0.67474,0.12865
3/3/3,3,3,3,800,0.67475,0.12751
5/5/4,5,5,4,800,0.67486,0.12751
4/3/2,4,3,2,800,0.67501,0.12827
4/3/1,4,3,1,600,0.67502,0.12862
3/5/2,3,5,2,600,0.67507,0.12739
5/4/4,5,4,4,800,0.6751,0.12769
3/5/1,3,5,1,800,0.67526,0.12804
3/5/3,3,5,3,800,0.67527,0.12727
5/5/3,5,5,3,600,0.67536,0.12763
6/5/4,6,5,4,800,0.67538,0.12764
5/4/3,5,4,3,800,0.67542,0.12844
3/4/2,3,4,2,400,0.67563,0.12742
3/2/1,3,2,1,600,0.67563,0.12846
3/3/1,3,3,1,400,0.67579,0.12847
4/4/4,4,4,4,800,0.6759,0.1274
3/3/3,3,3,3,600,0.6759,0.1274
6/5/2,6,5,2,800,0.67596,0.12855
3/4/4,3,4,4,800,0.67603,0.12741
4/3/3,4,3,3,600,0.67626,0.12739
6/5/3,6,5,3,800,0.67644,0.12849
4/3/2,4,3,2,600,0.67654,0.12817
6/5/1,6,5,1,800,0.67668,0.12891
3/5/1,3,5,1,600,0.67673,0.128
3/2/1,3,2,1,800,0.6771,0.12886
5/5/2,5,5,2,600,0.67738,0.12868
3/5/3,3,5,3,600,0.6774,0.12726
4/5/1,4,5,1,600,0.67772,0.12888
5/4/2,5,4,2,600,0.67772,0.12875
4/5/4,4,5,4,600,0.67797,0.12723
3/2/1,3,2,1,400,0.67811,0.12848
6/4/2,6,4,2,800,0.67811,0.12848
4/5/2,4,5,2,400,0.67811,0.12819
5/5/1,5,5,1,600,0.67813,0.12895
5/3/1,5,3,1,800,0.67826,0.12874
5/4/1,5,4,1,600,0.67831,0.12905
3/5/4,3,5,4,800,0.67831,0.12755
3/4/4,3,4,4,600,0.6784,0.12751
3/4/1,3,4,1,300,0.67841,0.12841
5/3/2,5,3,2,800,0.67846,0.12851
6/4/1,6,4,1,800,0.67853,0.12883
6/4/3,6,4,3,800,0.67867,0.12841
5/4/4,5,4,4,600,0.67868,0.12803
5/4/3,5,4,3,600,0.67875,0.12881
3/2/2,3,2,2,600,0.67875,0.12882
3/3/2,3,3,2,300,0.67879,0.12823
5/5/4,5,5,4,600,0.67884,0.12787
4/4/4,4,4,4,600,0.67892,0.12754
3/3/4,3,3,4,800,0.67944,0.128
3/4/3,3,4,3,400,0.67953,0.12739
6/5/4,6,5,4,600,0.67954,0.12834
3/2/2,3,2,2,800,0.6796,0.12912
3/2/3,3,2,3,800,0.67966,0.12833
4/4/3,4,4,3,400,0.67967,0.12828
7/5/3,7,5,3,800,0.67977,0.1286
7/5/2,7,5,2,800,0.67978,0.12873
3/2/3,3,2,3,600,0.68002,0.12815
4/3/4,4,3,4,800,0.68015,0.12811
7/5/4,7,5,4,800,0.68044,0.12868
3/4/2,3,4,2,300,0.68044,0.12817
3/5/2,3,5,2,400,0.68047,0.12783
4/4/2,4,4,2,400,0.68047,0.12922
5/3/4,5,3,4,800,0.68056,0.12801
3/3/1,3,3,1,300,0.6807,0.12937
3/3/3,3,3,3,400,0.6807,0.12769
4/2/1,4,2,1,800,0.6808,0.12934
6/5/3,6,5,3,600,0.68086,0.12929
6/5/2,6,5,2,600,0.6809,0.12939
4/5/3,4,5,3,400,0.6809,0.12822
3/5/4,3,5,4,600,0.68092,0.12771
5/3/3,5,3,3,800,0.681,0.12882
4/4/1,4,4,1,400,0.68106,0.12947
6/4/4,6,4,4,800,0.68123,0.12887
3/2/2,3,2,2,400,0.68123,0.12887
4/2/2,4,2,2,800,0.68142,0.12914
5/3/2,5,3,2,600,0.68148,0.12871
4/3/3,4,3,3,400,0.68157,0.12813
4/3/1,4,3,1,400,0.68166,0.12954
4/3/2,4,3,2,400,0.68171,0.12897
3/3/4,3,3,4,600,0.68185,0.12807
4/2/1,4,2,1,600,0.68185,0.12924
3/5/1,3,5,1,400,0.68185,0.12864
5/2/2,5,2,2,800,0.68189,0.1294
5/3/1,5,3,1,600,0.68199,0.12904
6/5/1,6,5,1,600,0.682,0.12971
4/2/2,4,2,2,600,0.6824,0.12907
4/3/4,4,3,4,600,0.68251,0.12817
5/5/3,5,5,3,400,0.68256,0.12899
6/4/2,6,4,2,600,0.68256,0.12916
3/2/1,3,2,1,300,0.68256,0.12916
6/4/3,6,4,3,600,0.68257,0.1291
3/1/1,3,1,1,600,0.68279,0.12986
7/4/2,7,4,2,800,0.68285,0.12898
5/2/3,5,2,3,800,0.68308,0.12966
7/5/1,7,5,1,800,0.68313,0.12913
6/3/2,6,3,2,800,0.68319,0.12921
3/5/3,3,5,3,400,0.68331,0.12783
4/2/3,4,2,3,800,0.68337,0.12953
4/5/2,4,5,2,300,0.68355,0.12933
3/1/1,3,1,1,800,0.68361,0.13023
6/4/1,6,4,1,600,0.68362,0.12954
5/3/3,5,3,3,600,0.68364,0.12907
5/3/4,5,3,4,600,0.68365,0.12833
6/3/3,6,3,3,800,0.68367,0.12915
4/5/1,4,5,1,400,0.68382,0.13001
8/5/3,8,5,3,800,0.6839,0.12913
3/2/3,3,2,3,400,0.68391,0.12838
7/4/3,7,4,3,800,0.68397,0.12917
5/2/1,5,2,1,800,0.68425,0.12954
8/5/2,8,5,2,800,0.68428,0.12931
7/4/4,7,4,4,800,0.68448,0.12924
4/2/3,4,2,3,600,0.6846,0.12955
5/5/2,5,5,2,400,0.68464,0.13018
7/5/3,7,5,3,600,0.68476,0.12962
3/4/3,3,4,3,300,0.68477,0.12821
6/3/4,6,3,4,800,0.68483,0.1293
3/4/4,3,4,4,400,0.68489,0.12808
4/2/4,4,2,4,800,0.68495,0.12899
4/5/4,4,5,4,400,0.68502,0.12824
6/4/4,6,4,4,600,0.68504,0.12951
3/2/2,3,2,2,300,0.68504,0.12951
7/5/4,7,5,4,600,0.68508,0.12961
5/2/2,5,2,2,600,0.68515,0.12968
8/5/4,8,5,4,800,0.68515,0.1294
4/4/3,4,4,3,300,0.68518,0.12934
7/3/3,7,3,3,800,0.6852,0.12965
6/2/2,6,2,2,800,0.68526,0.12993
3/1/1,3,1,1,400,0.68526,0.12993
7/5/2,7,5,2,600,0.68533,0.12977
5/4/2,5,4,2,400,0.68545,0.13025
7/3/2,7,3,2,800,0.68551,0.12977
3/5/2,3,5,2,300,0.68553,0.12872
3/1/2,3,1,2,600,0.68557,0.13021
5/4/3,5,4,3,400,0.68571,0.13018
5/5/1,5,5,1,400,0.68574,0.13051
6/2/3,6,2,3,800,0.68585,0.13003
5/4/4,5,4,4,400,0.68591,0.12933
4/4/2,4,4,2,300,0.68593,0.1303
4/4/4,4,4,4,400,0.68595,0.12841
3/3/3,3,3,3,300,0.68595,0.12841
5/2/4,5,2,4,800,0.68598,0.13009
7/3/4,7,3,4,800,0.68601,0.12992
3/2/4,3,2,4,800,0.68606,0.12882
5/5/4,5,5,4,400,0.68606,0.12916
3/1/2,3,1,2,800,0.68609,0.13045
6/3/1,6,3,1,800,0.68609,0.12961
7/4/1,7,4,1,800,0.68609,0.12944
5/2/3,5,2,3,600,0.6862,0.12997
4/1/1,4,1,1,800,0.6864,0.13066
3/5/1,3,5,1,300,0.68662,0.12962
5/4/1,5,4,1,400,0.68667,0.13057
4/5/3,4,5,3,300,0.6867,0.12929
4/4/1,4,4,1,300,0.6868,0.13068
4/1/2,4,1,2,800,0.68682,0.13046
3/4/1,3,4,1,200,0.68685,0.13028
4/3/3,4,3,3,300,0.68697,0.12912
3/3/2,3,3,2,200,0.68721,0.12974
4/2/4,4,2,4,600,0.68725,0.12917
3/1/3,3,1,3,800,0.68725,0.12983
4/3/2,4,3,2,300,0.68726,0.13003
4/2/2,4,2,2,400,0.68746,0.12978
8/4/4,8,4,4,800,0.68746,0.12978
6/3/3,6,3,3,600,0.68746,0.12978
3/5/4,3,5,4,400,0.68764,0.12838
8/4/3,8,4,3,800,0.68769,0.12978
6/3/2,6,3,2,600,0.68778,0.1298
8/5/1,8,5,1,800,0.68782,0.12976
7/4/2,7,4,2,600,0.68804,0.12996
3/1/3,3,1,3,600,0.68805,0.12966
8/4/2,8,4,2,800,0.68812,0.12998
4/2/1,4,2,1,400,0.68812,0.12998
6/5/4,6,5,4,400,0.68815,0.12987
4/3/1,4,3,1,300,0.6882,0.13078
5/2/1,5,2,1,600,0.68823,0.12992
4/1/1,4,1,1,600,0.68824,0.13068
3/3/4,3,3,4,400,0.68824,0.12856
3/2/4,3,2,4,600,0.68828,0.12888
4/1/2,4,1,2,600,0.68829,0.13053
3/1/2,3,1,2,400,0.68834,0.13039
6/2/4,6,2,4,800,0.68834,0.13039
6/2/1,6,2,1,800,0.68842,0.13024
6/3/4,6,3,4,600,0.68856,0.12992
5/3/2,5,3,2,400,0.68867,0.13003
3/5/3,3,5,3,300,0.68872,0.12872
3/2/3,3,2,3,300,0.68879,0.12899
7/3/1,7,3,1,800,0.68882,0.1301
7/4/3,7,4,3,600,0.68892,0.13005
4/3/4,4,3,4,400,0.68901,0.12887
7/4/4,7,4,4,600,0.68903,0.13009
8/3/3,8,3,3,800,0.68906,0.13027
8/3/4,8,3,4,800,0.68914,0.13049
3/3/1,3,3,1,200,0.68915,0.13102
7/5/1,7,5,1,600,0.68917,0.13014
3/4/2,3,4,2,200,0.68924,0.12979
4/5/1,4,5,1,300,0.68928,0.13126
7/2/3,7,2,3,800,0.68928,0.13057
6/5/3,6,5,3,400,0.68951,0.13087
8/3/2,8,3,2,800,0.68966,0.13049
7/2/2,7,2,2,800,0.68972,0.13079
5/3/1,5,3,1,400,0.68973,0.13042
5/5/3,5,5,3,300,0.6898,0.13017
8/5/3,8,5,3,600,0.68981,0.13029
5/2/4,5,2,4,600,0.68985,0.13047
4/2/3,4,2,3,400,0.69005,0.13031
6/5/2,6,5,2,400,0.69008,0.13107
5/3/3,5,3,3,400,0.69013,0.13027
4/1/4,4,1,4,800,0.69021,0.13004
8/4/1,8,4,1,800,0.69022,0.13005
3/4/4,3,4,4,300,0.69027,0.12888
4/1/3,4,1,3,800,0.69029,0.131
6/2/3,6,2,3,600,0.69029,0.1307
7/3/3,7,3,3,600,0.69033,0.13047
6/2/2,6,2,2,600,0.69041,0.13052
3/1/1,3,1,1,300,0.69041,0.13052
8/5/2,8,5,2,600,0.69044,0.13049
7/3/4,7,3,4,600,0.69071,0.13078
7/3/2,7,3,2,600,0.69091,0.13065
8/5/4,8,5,4,600,0.69092,0.13042
5/3/4,5,3,4,400,0.69094,0.12946
7/2/4,7,2,4,800,0.69105,0.1308
4/5/4,4,5,4,300,0.6912,0.12931
6/3/1,6,3,1,600,0.69126,0.1303
6/4/3,6,4,3,400,0.69131,0.13065
6/5/1,6,5,1,400,0.69142,0.13146
6/4/2,6,4,2,400,0.69176,0.13086
5/1/2,5,1,2,800,0.69176,0.13079
3/2/1,3,2,1,200,0.69176,0.13086
5/5/2,5,5,2,300,0.69178,0.13137
7/4/1,7,4,1,600,0.69181,0.13043
4/4/4,4,4,4,300,0.69194,0.12946
3/1/3,3,1,3,400,0.69226,0.12995
4/1/3,4,1,3,600,0.69238,0.13111
5/2/2,5,2,2,400,0.69264,0.13083
5/4/2,5,4,2,300,0.69283,0.13147
4/1/4,4,1,4,600,0.69289,0.13022
5/4/3,5,4,3,300,0.69291,0.13132
5/5/1,5,5,1,300,0.69292,0.13191
8/2/3,8,2,3,800,0.69297,0.13121
3/1/2,3,1,2,300,0.69297,0.13106
6/2/4,6,2,4,600,0.69297,0.13106
5/1/1,5,1,1,800,0.69301,0.13092
3/5/4,3,5,4,300,0.69318,0.12924
4/2/2,4,2,2,300,0.6932,0.1307
8/4/4,8,4,4,600,0.6932,0.1307
7/2/1,7,2,1,800,0.69322,0.13098
5/2/3,5,2,3,400,0.69323,0.13118
8/3/1,8,3,1,800,0.69329,0.13087
6/4/1,6,4,1,400,0.69335,0.13126
8/4/3,8,4,3,600,0.69335,0.1308
5/4/4,5,4,4,300,0.69336,0.13053
6/4/4,6,4,4,400,0.6935,0.13093
3/2/2,3,2,2,200,0.6935,0.13093
5/5/4,5,5,4,300,0.6935,0.13035
3/1/4,3,1,4,800,0.69375,0.13067
8/4/2,8,4,2,600,0.69406,0.13109
4/2/1,4,2,1,300,0.69406,0.13109
4/2/4,4,2,4,400,0.69407,0.12994
3/3/4,3,3,4,300,0.69411,0.12941
6/2/1,6,2,1,600,0.69413,0.13092
3/4/3,3,4,3,200,0.69424,0.12983
5/4/1,5,4,1,300,0.69432,0.13188
8/2/4,8,2,4,800,0.69433,0.13134
4/5/2,4,5,2,200,0.69433,0.1314
4/1/2,4,1,2,400,0.69433,0.13134
3/2/4,3,2,4,400,0.69435,0.12928
5/1/3,5,1,3,800,0.69446,0.13118
8/5/1,8,5,1,600,0.6946,0.13093
6/1/2,6,1,2,800,0.69471,0.13115
7/3/1,7,3,1,600,0.69471,0.13108
7/5/3,7,5,3,400,0.69478,0.1313
4/3/4,4,3,4,300,0.69485,0.1299
7/2/3,7,2,3,600,0.69486,0.1315
7/5/4,7,5,4,400,0.69489,0.13117
8/3/3,8,3,3,600,0.69492,0.13123
8/3/4,8,3,4,600,0.69493,0.13144
5/1/2,5,1,2,600,0.69504,0.13113
3/5/2,3,5,2,200,0.69508,0.13058
3/3/3,3,3,3,200,0.69522,0.13
4/1/1,4,1,1,400,0.69539,0.13146
8/2/2,8,2,2,800,0.69539,0.13146
5/1/4,5,1,4,800,0.69547,0.13119
7/5/2,7,5,2,400,0.69568,0.13152
3/5/1,3,5,1,200,0.6957,0.13176
7/2/2,7,2,2,600,0.69579,0.13171
8/3/2,8,3,2,600,0.69582,0.13158
5/3/2,5,3,2,300,0.69596,0.13126
3/1/4,3,1,4,600,0.69599,0.1307
4/2/3,4,2,3,300,0.69611,0.13124
6/3/3,6,3,3,400,0.6962,0.13118
5/2/1,5,2,1,400,0.69641,0.13123
4/4/3,4,4,3,200,0.69643,0.13119
6/1/3,6,1,3,800,0.69651,0.13149
6/5/4,6,5,4,300,0.69654,0.13112
6/3/2,6,3,2,400,0.6966,0.13138
6/1/1,6,1,1,800,0.69682,0.13159
8/4/1,8,4,1,600,0.69684,0.13119
7/2/4,7,2,4,600,0.69685,0.13175
4/4/2,4,4,2,200,0.69689,0.13211
5/1/1,5,1,1,600,0.69705,0.13139
5/3/3,5,3,3,300,0.69742,0.13138
6/3/4,6,3,4,400,0.69748,0.13128
7/1/1,7,1,1,800,0.69759,0.13206
6/5/3,6,5,3,300,0.69762,0.13211
5/3/1,5,3,1,300,0.69763,0.13172
5/2/4,5,2,4,400,0.69779,0.13169
4/4/1,4,4,1,200,0.69779,0.13274
3/1/3,3,1,3,300,0.69781,0.13063
4/3/2,4,3,2,200,0.69792,0.13169
4/5/3,4,5,3,200,0.69793,0.1312
3/2/3,3,2,3,200,0.69801,0.13056
6/5/2,6,5,2,300,0.69804,0.1324
5/1/3,5,1,3,600,0.69805,0.13152
4/3/3,4,3,3,200,0.69816,0.13084
5/3/4,5,3,4,300,0.69842,0.13056
6/1/4,6,1,4,800,0.69846,0.1316
7/4/2,7,4,2,400,0.69847,0.13174
7/1/2,7,1,2,800,0.69869,0.13178
3/5/3,3,5,3,200,0.69897,0.13048
7/4/3,7,4,3,400,0.699,0.13174
6/4/3,6,4,3,300,0.69907,0.13183
7/4/4,7,4,4,400,0.6991,0.13164
6/2/3,6,2,3,400,0.69928,0.13215
4/1/3,4,1,3,400,0.6994,0.13199
8/2/1,8,2,1,800,0.69944,0.13188
5/1/4,5,1,4,600,0.69952,0.13162
6/4/2,6,4,2,300,0.69961,0.13212
4/3/1,4,3,1,200,0.69962,0.1327
3/1/1,3,1,1,200,0.69966,0.13207
6/2/2,6,2,2,400,0.69966,0.13207
8/2/3,8,2,3,600,0.69968,0.13231
6/5/1,6,5,1,300,0.6999,0.13303
7/2/1,7,2,1,600,0.69997,0.13193
3/4/4,3,4,4,200,0.70003,0.13065
7/1/3,7,1,3,800,0.70003,0.13201
3/2/4,3,2,4,300,0.70008,0.13005
5/2/2,5,2,2,300,0.70011,0.13203
8/3/1,8,3,1,600,0.70029,0.13204
4/5/1,4,5,1,200,0.70029,0.1335
6/1/2,6,1,2,600,0.70035,0.13182
8/5/3,8,5,3,400,0.7004,0.13201
7/5/1,7,5,1,400,0.7004,0.13201
4/2/4,4,2,4,300,0.70042,0.13097
7/3/3,7,3,3,400,0.70061,0.13209
4/1/4,4,1,4,400,0.70083,0.13118
6/3/1,6,3,1,400,0.70086,0.13196
7/1/4,7,1,4,800,0.70108,0.13201
4/1/2,4,1,2,300,0.70114,0.13239
8/2/4,8,2,4,600,0.70114,0.13239
5/2/3,5,2,3,300,0.7013,0.13227
8/5/4,8,5,4,400,0.70143,0.13206
7/3/4,7,3,4,400,0.70144,0.1323
7/3/2,7,3,2,400,0.70157,0.13238
8/5/2,8,5,2,400,0.70162,0.13231
6/4/4,6,4,4,300,0.70178,0.13209
5/5/3,5,5,3,200,0.70188,0.13216
6/4/1,6,4,1,300,0.70197,0.1327
6/1/3,6,1,3,600,0.70222,0.13222
3/1/4,3,1,4,400,0.70261,0.13109
8/2/2,8,2,2,600,0.70262,0.13256
4/1/1,4,1,1,300,0.70262,0.13256
4/5/4,4,5,4,200,0.70272,0.13131
3/1/2,3,1,2,200,0.70281,0.13253
6/2/4,6,2,4,400,0.70281,0.13253
7/5/3,7,5,3,300,0.70316,0.13252
7/4/1,7,4,1,400,0.70341,0.13227
7/5/4,7,5,4,300,0.70353,0.13236
5/5/2,5,5,2,200,0.70355,0.13339
6/1/1,6,1,1,600,0.70359,0.13233
3/5/4,3,5,4,200,0.70359,0.13104
8/1/1,8,1,1,800,0.70361,0.13298
4/4/4,4,4,4,200,0.70364,0.13142
5/1/2,5,1,2,400,0.70388,0.13246
4/2/2,4,2,2,200,0.70394,0.13244
8/1/3,8,1,3,800,0.70394,0.13269
8/4/4,8,4,4,400,0.70394,0.13244
6/3/3,6,3,3,300,0.70394,0.13244
6/1/4,6,1,4,600,0.704,0.13233
3/3/4,3,3,4,200,0.70401,0.13117
7/5/2,7,5,2,300,0.70413,0.13289
8/4/3,8,4,3,400,0.70425,0.1326
8/1/4,8,1,4,800,0.70428,0.13256
6/2/1,6,2,1,400,0.70452,0.13265
6/3/2,6,3,2,300,0.70455,0.13269
5/2/1,5,2,1,300,0.70482,0.13253
5/4/2,5,4,2,200,0.70487,0.13333
5/5/1,5,5,1,200,0.7054,0.13415
5/5/4,5,5,4,200,0.7054,0.13235
5/4/3,5,4,3,200,0.70541,0.13317
4/2/1,4,2,1,200,0.70556,0.13293
8/4/2,8,4,2,400,0.70556,0.13293
7/2/3,7,2,3,400,0.70559,0.13317
5/4/4,5,4,4,200,0.70574,0.13253
8/1/2,8,1,2,800,0.70581,0.13249
7/1/1,7,1,1,600,0.7059,0.13313
6/3/4,6,3,4,300,0.70597,0.13245
5/2/4,5,2,4,300,0.70601,0.13278
8/3/3,8,3,3,400,0.7061,0.13301
7/1/2,7,1,2,600,0.70616,0.13278
8/3/4,8,3,4,400,0.70624,0.13311
4/1/3,4,1,3,300,0.70625,0.13304
4/3/4,4,3,4,200,0.70635,0.13173
7/3/1,7,3,1,400,0.70669,0.13291
5/1/3,5,1,3,400,0.70676,0.13282
7/1/3,7,1,3,600,0.70685,0.13303
7/4/2,7,4,2,300,0.70687,0.13307
8/5/1,8,5,1,400,0.70694,0.13294
5/4/1,5,4,1,200,0.70699,0.1341
7/4/3,7,4,3,300,0.70712,0.13297
5/1/1,5,1,1,400,0.70721,0.13274
7/2/2,7,2,2,400,0.70722,0.13353
5/3/2,5,3,2,200,0.70743,0.13299
7/4/4,7,4,4,300,0.70768,0.13282
7/1/4,7,1,4,600,0.70773,0.13301
6/2/3,6,2,3,300,0.70779,0.13334
3/1/3,3,1,3,200,0.70781,0.13215
8/2/1,8,2,1,600,0.70783,0.13303
8/3/2,8,3,2,400,0.70796,0.13346
4/2/3,4,2,3,200,0.708,0.13296
4/1/4,4,1,4,300,0.70813,0.13222
6/2/2,6,2,2,300,0.70822,0.13338
7/2/4,7,2,4,400,0.70827,0.13334
5/1/4,5,1,4,400,0.70845,0.13303
7/3/3,7,3,3,300,0.70876,0.13332
8/5/3,8,5,3,300,0.709,0.13327
6/5/4,6,5,4,200,0.70902,0.13314
3/1/4,3,1,4,300,0.70904,0.13188
5/3/3,5,3,3,200,0.70954,0.13309
7/5/1,7,5,1,300,0.70962,0.13363
8/4/1,8,4,1,400,0.7097,0.13321
6/3/1,6,3,1,300,0.70993,0.13337
6/5/3,6,5,3,200,0.70996,0.13401
5/3/1,5,3,1,200,0.71002,0.13373
8/5/4,8,5,4,300,0.71003,0.13325
3/2/4,3,2,4,200,0.71021,0.13183
6/5/2,6,5,2,200,0.71028,0.13437
7/3/2,7,3,2,300,0.71038,0.13373
7/3/4,7,3,4,300,0.71041,0.13346
8/5/2,8,5,2,300,0.71043,0.13371
5/3/4,5,3,4,200,0.71088,0.13251
6/4/3,6,4,3,200,0.71131,0.13361
6/1/2,6,1,2,400,0.71163,0.13346
8/2/3,8,2,3,400,0.71178,0.13415
8/1/3,8,1,3,600,0.71181,0.13381
5/2/2,5,2,2,200,0.71186,0.13382
6/4/2,6,4,2,200,0.7119,0.13398
6/2/4,6,2,4,300,0.71196,0.13369
8/1/4,8,1,4,600,0.71199,0.13366
4/2/4,4,2,4,200,0.71224,0.13294
5/1/2,5,1,2,300,0.71244,0.13368
7/4/1,7,4,1,300,0.71259,0.13384
7/2/1,7,2,1,400,0.71272,0.13398
8/4/4,8,4,4,300,0.71273,0.13364
8/4/3,8,4,3,300,0.71284,0.13389
8/1/1,8,1,1,600,0.71309,0.13431
6/1/3,6,1,3,400,0.71313,0.13375
6/5/1,6,5,1,200,0.71333,0.13523
4/1/2,4,1,2,200,0.71349,0.13418
8/2/4,8,2,4,400,0.71349,0.13418
8/3/1,8,3,1,400,0.7138,0.13414
6/2/1,6,2,1,300,0.71422,0.1341
6/4/4,6,4,4,200,0.71426,0.13407
8/1/2,8,1,2,600,0.71428,0.13369
5/2/3,5,2,3,200,0.71428,0.13393
8/4/2,8,4,2,300,0.71453,0.13441
7/2/3,7,2,3,300,0.71463,0.13448
6/1/4,6,1,4,400,0.7147,0.13391
7/5/3,7,5,3,200,0.71479,0.13432
8/3/3,8,3,3,300,0.715,0.13434
6/4/1,6,4,1,200,0.71533,0.13483
5/1/3,5,1,3,300,0.71545,0.13399
7/5/4,7,5,4,200,0.71555,0.1343
8/3/4,8,3,4,300,0.71559,0.13436
8/2/2,8,2,2,400,0.71587,0.1345
4/1/1,4,1,1,200,0.71587,0.1345
7/5/2,7,5,2,200,0.71622,0.13473
6/1/1,6,1,1,400,0.71629,0.1341
6/3/3,6,3,3,200,0.71636,0.13417
7/3/1,7,3,1,300,0.71653,0.13452
8/5/1,8,5,1,300,0.71658,0.13458
7/2/2,7,2,2,300,0.71661,0.1349
6/3/2,6,3,2,200,0.71673,0.13457
5/1/1,5,1,1,300,0.71683,0.13412
5/1/4,5,1,4,300,0.71697,0.13421
8/3/2,8,3,2,300,0.71723,0.13498
7/2/4,7,2,4,300,0.71784,0.13458
5/2/1,5,2,1,200,0.71814,0.13465
7/4/3,7,4,3,200,0.71881,0.13472
4/1/3,4,1,3,200,0.71888,0.13479
6/3/4,6,3,4,200,0.71893,0.13435
5/2/4,5,2,4,200,0.71916,0.13472
7/1/2,7,1,2,400,0.71923,0.13465
7/4/2,7,4,2,200,0.71923,0.13496
8/4/1,8,4,1,300,0.7196,0.13497
7/1/3,7,1,3,400,0.71964,0.13479
3/1/4,3,1,4,200,0.71966,0.13371
7/4/4,7,4,4,200,0.71993,0.13468
4/1/4,4,1,4,200,0.72026,0.1342
7/1/4,7,1,4,400,0.72037,0.13475
8/5/3,8,5,3,200,0.72063,0.13504
7/1/1,7,1,1,400,0.72098,0.13531
6/1/2,6,1,2,300,0.72113,0.13487
6/2/2,6,2,2,200,0.72116,0.13538
8/2/3,8,2,3,300,0.72131,0.13556
7/3/3,7,3,3,200,0.72135,0.13514
6/2/3,6,2,3,200,0.72148,0.13523
8/5/4,8,5,4,200,0.72175,0.13512
8/2/1,8,2,1,400,0.72239,0.13532
8/5/2,8,5,2,200,0.72258,0.13554
6/1/3,6,1,3,300,0.72259,0.13514
7/5/1,7,5,1,200,0.72293,0.13579
7/2/1,7,2,1,300,0.72334,0.13566
8/2/4,8,2,4,300,0.72337,0.13547
7/3/2,7,3,2,200,0.72343,0.13574
7/3/4,7,3,4,200,0.72366,0.13541
6/3/1,6,3,1,200,0.72382,0.13566
8/3/1,8,3,1,300,0.72408,0.13594
6/1/4,6,1,4,300,0.72438,0.13523
8/4/3,8,4,3,200,0.72481,0.13571
8/4/4,8,4,4,200,0.72487,0.13549
8/1/4,8,1,4,400,0.72559,0.13561
5/1/2,5,1,2,200,0.72561,0.13559
8/1/3,8,1,3,400,0.72567,0.13585
6/2/4,6,2,4,200,0.72568,0.13565
8/2/2,8,2,2,300,0.72586,0.13603
7/4/1,7,4,1,200,0.72651,0.13605
6/1/1,6,1,1,300,0.72713,0.13579
8/4/2,8,4,2,200,0.72737,0.13632
8/3/3,8,3,3,200,0.72802,0.13625
7/2/3,7,2,3,200,0.72838,0.13642
6/2/1,6,2,1,200,0.72883,0.13652
8/1/2,8,1,2,400,0.72891,0.13586
8/3/4,8,3,4,200,0.72893,0.1363
5/1/3,5,1,3,200,0.7292,0.13585
7/1/2,7,1,2,300,0.72936,0.13621
7/1/3,7,1,3,300,0.72945,0.13626
8/1/1,8,1,1,400,0.72952,0.13699
5/1/4,5,1,4,200,0.72992,0.1363
8/5/1,8,5,1,200,0.73001,0.13669
7/1/4,7,1,4,300,0.73045,0.13615
7/2/2,7,2,2,200,0.73062,0.13712
8/3/2,8,3,2,200,0.73095,0.13703
7/3/1,7,3,1,200,0.73118,0.13691
5/1/1,5,1,1,200,0.73154,0.13645
7/2/4,7,2,4,200,0.73194,0.13659
7/1/1,7,1,1,300,0.73272,0.13733
8/2/1,8,2,1,300,0.73346,0.1373
8/4/1,8,4,1,200,0.73384,0.13722
6/1/2,6,1,2,200,0.73494,0.13695
8/2/3,8,2,3,200,0.73555,0.13761
8/1/4,8,1,4,300,0.7358,0.13699
8/1/3,8,1,3,300,0.73588,0.13731
6/1/3,6,1,3,200,0.73682,0.13704
8/2/4,8,2,4,200,0.73766,0.13752
6/1/4,6,1,4,200,0.73845,0.13721
7/2/1,7,2,1,200,0.73931,0.13836
8/1/2,8,1,2,300,0.73961,0.13755
8/3/1,8,3,1,200,0.73998,0.1384
8/2/2,8,2,2,200,0.74052,0.13825
8/1/1,8,1,1,300,0.74171,0.13933
6/1/1,6,1,1,200,0.74303,0.13859
7/1/2,7,1,2,200,0.74387,0.13852
7/1/3,7,1,3,200,0.74423,0.13826
7/1/4,7,1,4,200,0.74491,0.13815
7/1/1,7,1,1,200,0.7504,0.14039
8/1/4,8,1,4,200,0.75071,0.13904
8/2/1,8,2,1,200,0.75072,0.13997
8/1/3,8,1,3,200,0.75088,0.13949
8/1/2,8,1,2,200,0.75545,0.14005
8/1/1,8,1,1,200,0.76025,0.1425
